{
  "dimensions": {
    "height": 400,
    "width": 800
  },
  "avg_color": {
    "red": 98.04616249999994,
    "green": 128.59695000000002,
    "blue": 144.31384999999977
  },
  "avg_black_and_white": {
    "gray": 129.869796875
  }
}