{
  "dimensions": {
    "height": 400,
    "width": 800
  },
  "avg_color": {
    "red": 105.21117500000003,
    "green": 108.14238437500009,
    "blue": 108.74391875000006
  },
  "avg_black_and_white": {
    "gray": 108.02045625
  }
}